2020-03-12T03:52:11.211Z,git-history,11692
2020-03-12T03:52:11.211Z,code-surfer,4774
2020-03-12T03:52:11.211Z,didact,2335
2020-03-12T03:52:11.211Z,gatsby-waves,601
2020-03-12T03:52:11.211Z,hitchcock,158
2020-03-12T03:52:11.211Z,react-lazy-preload-demo,80
2020-03-12T03:52:11.211Z,site,49
2020-03-12T03:52:11.211Z,codem-ipsum,35
2020-03-12T03:52:11.211Z,deck-studio,35
2020-03-12T03:52:11.211Z,react-conf-2018-hooks-demo,30
2020-03-12T03:52:11.211Z,use-spring,28
2020-03-12T03:52:11.211Z,gatsby-remark-import-code,22
2020-03-12T03:52:11.211Z,write-code-online,20
2020-03-12T03:52:11.211Z,full-width-text,17
2020-03-12T03:52:11.211Z,springs,16
2020-03-12T03:52:11.211Z,paper-fab-speed-dial,16
2020-03-12T03:52:11.211Z,use-safe-window,15
2020-03-12T03:52:11.211Z,escher-bot,15
2020-03-12T03:52:11.211Z,create-code-surfer-deck,14
2020-03-12T03:52:11.211Z,gatsby-theme-deck-n-blog,11
2020-03-12T03:52:11.211Z,areyou10x,10
2020-03-12T03:52:11.211Z,code-surfer-editor,6
2020-03-12T03:52:11.211Z,depto_scraper,6
2020-03-12T03:52:11.211Z,forkbox,5
2020-03-12T03:52:11.211Z,tiny-helpers,4
